scenario,AABL,pseudocode
first,2.096093547443161,5.561005221446976
second,18.048354323284002,20.846516149904346
third,62.47475243642111,55.3007151374768
