scenario,AABL,ABI
first,1.9624041849983769,0.5970604520043707
second,22.12415970598522,0.8873872449994451
third,64.62241551299894,1.22201392899251
