scenario,AABL,pseudocode
first,2.0327555020285217,0.08047685099336377
second,23.696363681983712,13.91452035702605
third,75.03583237395287,46.15908102198773
