scenario,AABL,pseudocode
first,2.1219685170199227,0.07996163692769187
second,20.91825041604352,14.155756613914491
third,77.36757687595673,49.980700499936574
