scenario,ABL,AABL
first,71.70272010798726,0.27402358999097487
second,2456.9206243149983,1.5041218980040867
third,42899.26474584901,5.921735810008613
