scenario,ABL,AABL
first,0.0003879074065480381,2.0153546354558785
second,0.0005472317570820451,20.097224052558886
third,0.0006936173303984106,61.01246285563684
