scenario,ABL,AABL
first,87.13862131800306,0.29561568099597935
