scenario,AABL
first,0.19317143299940653
second,1.4654868530002432
third,7.348070834000282
