scenario,AABL,RABL,pseudocode
first,201.47537428410396,134.51520763902226,50.85041474204809
second,3225.8446365289874,1943.2846010570338,442.8891428000752
third,40522.76827696433,30030.658244910792,2820.0203380480634
