scenario,AABL,RABL,pseudocode
first,27.960983641992243,19.89102550599182,2.1830217949955113
second,244.15445133898993,170.4523186490078,8.788331206990733
third,1324.6027214169799,1073.8157099979717,22.46133556899349
