scenario,AABL,RABL,pseudocode
first,177.01908582103533,112.49029453595904,59.6620483139468
