scenario,AABL,RABL
first,2.0926436109639326,1.4911310509414761
second,22.37335393002104,24.494517341985556
third,74.47462088401699,85.22855413496654
