scenario,AABL,RABL
first,2.1137830500647397,1.4565452170463686
second,17.68343337796523,21.84401925401471
third,54.614068799030065,66.44637099500869
